ShortMessage,LongMessage,Class/SourceLine/0/Message,Class/SourceLine/0/_classname,Class/SourceLine/0/_sourcefile,Class/SourceLine/0/_sourcepath,Class/SourceLine/0/_relSourcepath,Class/Message,Class/_classname,Class/_primary,Method/SourceLine/0/_classname,Method/SourceLine/0/_start,Method/SourceLine/0/_end,Method/SourceLine/0/_startBytecode,Method/SourceLine/0/_endBytecode,Method/SourceLine/0/_sourcefile,Method/SourceLine/0/_sourcepath,Method/SourceLine/0/_relSourcepath,Method/Message,Method/_classname,Method/_name,Method/_signature,Method/_isStatic,Method/_primary,SourceLine/0/Message,SourceLine/0/_classname,SourceLine/0/_primary,SourceLine/0/_start,SourceLine/0/_end,SourceLine/0/_startBytecode,SourceLine/0/_endBytecode,SourceLine/0/_sourcefile,SourceLine/0/_sourcepath,SourceLine/0/_relSourcepath,SourceLine/1/Message,SourceLine/1/_classname,SourceLine/1/_start,SourceLine/1/_end,SourceLine/1/_startBytecode,SourceLine/1/_endBytecode,SourceLine/1/_sourcefile,SourceLine/1/_sourcepath,SourceLine/1/_relSourcepath,String/Message,String/_value,String/_role,_type,_priority,_rank,_abbrev,_category,_instanceHash,_instanceOccurrenceNum,_instanceOccurrenceMax,_cweid
Potential CRLF Injection for logs,This use of Logger.debug(...) might be used to include CRLF characters into log messages,In OvsElement.java,com.cloud.network.element.OvsElement,OvsElement.java,com/cloud/network/element/OvsElement.java,java/com/cloud/network/element/OvsElement.java,In class com.cloud.network.element.OvsElement,com.cloud.network.element.OvsElement,true,com.cloud.network.element.OvsElement,429,455,0,571,OvsElement.java,com/cloud/network/element/OvsElement.java,java/com/cloud/network/element/OvsElement.java,"In method com.cloud.network.element.OvsElement.applyIps(Network, List, Set)",com.cloud.network.element.OvsElement,applyIps,(Lcom/cloud/network/Network;Ljava/util/List;Ljava/util/Set;)Z,false,true,At OvsElement.java:[line 442],com.cloud.network.element.OvsElement,true,442,442,138,138,OvsElement.java,com/cloud/network/element/OvsElement.java,java/com/cloud/network/element/OvsElement.java,At OvsElement.java:[line 444],com.cloud.network.element.OvsElement,444,444,135,135,OvsElement.java,com/cloud/network/element/OvsElement.java,java/com/cloud/network/element/OvsElement.java,Sink method Logger.debug(...),Logger.debug(...),Sink method,CRLF_INJECTION_LOGS,3,10,SECCRLFLOG,SECURITY,4ee11ade9ac34fadbf9c56fc516d1b10,0,0,117
Potential CRLF Injection for logs,This use of Logger.debug(...) might be used to include CRLF characters into log messages,In OvsElement.java,com.cloud.network.element.OvsElement,OvsElement.java,com/cloud/network/element/OvsElement.java,java/com/cloud/network/element/OvsElement.java,In class com.cloud.network.element.OvsElement,com.cloud.network.element.OvsElement,true,com.cloud.network.element.OvsElement,507,532,0,492,OvsElement.java,com/cloud/network/element/OvsElement.java,java/com/cloud/network/element/OvsElement.java,"In method com.cloud.network.element.OvsElement.applyLBRules(Network, List)",com.cloud.network.element.OvsElement,applyLBRules,(Lcom/cloud/network/Network;Ljava/util/List;)Z,false,true,At OvsElement.java:[line 516],com.cloud.network.element.OvsElement,true,516,516,85,85,OvsElement.java,com/cloud/network/element/OvsElement.java,java/com/cloud/network/element/OvsElement.java,At OvsElement.java:[line 518],com.cloud.network.element.OvsElement,518,518,82,82,OvsElement.java,com/cloud/network/element/OvsElement.java,java/com/cloud/network/element/OvsElement.java,Sink method Logger.debug(...),Logger.debug(...),Sink method,CRLF_INJECTION_LOGS,3,10,SECCRLFLOG,SECURITY,e456a817f08fd97242d8365fd7d29143,0,1,117
Potential CRLF Injection for logs,This use of Logger.debug(...) might be used to include CRLF characters into log messages,In OvsElement.java,com.cloud.network.element.OvsElement,OvsElement.java,com/cloud/network/element/OvsElement.java,java/com/cloud/network/element/OvsElement.java,In class com.cloud.network.element.OvsElement,com.cloud.network.element.OvsElement,true,com.cloud.network.element.OvsElement,507,532,0,492,OvsElement.java,com/cloud/network/element/OvsElement.java,java/com/cloud/network/element/OvsElement.java,"In method com.cloud.network.element.OvsElement.applyLBRules(Network, List)",com.cloud.network.element.OvsElement,applyLBRules,(Lcom/cloud/network/Network;Ljava/util/List;)Z,false,true,At OvsElement.java:[line 528],com.cloud.network.element.OvsElement,true,528,528,210,210,OvsElement.java,com/cloud/network/element/OvsElement.java,java/com/cloud/network/element/OvsElement.java,At OvsElement.java:[line 528],com.cloud.network.element.OvsElement,528,528,207,207,OvsElement.java,com/cloud/network/element/OvsElement.java,java/com/cloud/network/element/OvsElement.java,Sink method Logger.debug(...),Logger.debug(...),Sink method,CRLF_INJECTION_LOGS,3,10,SECCRLFLOG,SECURITY,e456a817f08fd97242d8365fd7d29143,1,1,117
Potential CRLF Injection for logs,This use of Logger.debug(...) might be used to include CRLF characters into log messages,In OvsElement.java,com.cloud.network.element.OvsElement,OvsElement.java,com/cloud/network/element/OvsElement.java,java/com/cloud/network/element/OvsElement.java,In class com.cloud.network.element.OvsElement,com.cloud.network.element.OvsElement,true,com.cloud.network.element.OvsElement,484,501,0,435,OvsElement.java,com/cloud/network/element/OvsElement.java,java/com/cloud/network/element/OvsElement.java,"In method com.cloud.network.element.OvsElement.applyPFRules(Network, List)",com.cloud.network.element.OvsElement,applyPFRules,(Lcom/cloud/network/Network;Ljava/util/List;)Z,false,true,At OvsElement.java:[line 490],com.cloud.network.element.OvsElement,true,490,490,72,72,OvsElement.java,com/cloud/network/element/OvsElement.java,java/com/cloud/network/element/OvsElement.java,At OvsElement.java:[line 491],com.cloud.network.element.OvsElement,491,491,69,69,OvsElement.java,com/cloud/network/element/OvsElement.java,java/com/cloud/network/element/OvsElement.java,Sink method Logger.debug(...),Logger.debug(...),Sink method,CRLF_INJECTION_LOGS,3,10,SECCRLFLOG,SECURITY,1b2e7c44ca8153d74e0ed06d0c3ed9fe,0,0,117
Potential CRLF Injection for logs,This use of Logger.debug(...) might be used to include CRLF characters into log messages,In OvsElement.java,com.cloud.network.element.OvsElement,OvsElement.java,com/cloud/network/element/OvsElement.java,java/com/cloud/network/element/OvsElement.java,In class com.cloud.network.element.OvsElement,com.cloud.network.element.OvsElement,true,com.cloud.network.element.OvsElement,461,478,0,435,OvsElement.java,com/cloud/network/element/OvsElement.java,java/com/cloud/network/element/OvsElement.java,"In method com.cloud.network.element.OvsElement.applyStaticNats(Network, List)",com.cloud.network.element.OvsElement,applyStaticNats,(Lcom/cloud/network/Network;Ljava/util/List;)Z,false,true,At OvsElement.java:[line 467],com.cloud.network.element.OvsElement,true,467,467,72,72,OvsElement.java,com/cloud/network/element/OvsElement.java,java/com/cloud/network/element/OvsElement.java,At OvsElement.java:[line 468],com.cloud.network.element.OvsElement,468,468,69,69,OvsElement.java,com/cloud/network/element/OvsElement.java,java/com/cloud/network/element/OvsElement.java,Sink method Logger.debug(...),Logger.debug(...),Sink method,CRLF_INJECTION_LOGS,3,10,SECCRLFLOG,SECURITY,68826c87b8ab6dcad064042f0483a162,0,0,117
Potential CRLF Injection for logs,This use of Logger.debug(...) might be used to include CRLF characters into log messages,In OvsElement.java,com.cloud.network.element.OvsElement,OvsElement.java,com/cloud/network/element/OvsElement.java,java/com/cloud/network/element/OvsElement.java,In class com.cloud.network.element.OvsElement,com.cloud.network.element.OvsElement,true,com.cloud.network.element.OvsElement,119,138,0,312,OvsElement.java,com/cloud/network/element/OvsElement.java,java/com/cloud/network/element/OvsElement.java,"In method com.cloud.network.element.OvsElement.canHandle(Network, Network$Service)",com.cloud.network.element.OvsElement,canHandle,(Lcom/cloud/network/Network;Lcom/cloud/network/Network$Service;)Z,false,true,At OvsElement.java:[line 119],com.cloud.network.element.OvsElement,true,119,119,39,39,OvsElement.java,com/cloud/network/element/OvsElement.java,java/com/cloud/network/element/OvsElement.java,At OvsElement.java:[line 120],com.cloud.network.element.OvsElement,120,120,36,36,OvsElement.java,com/cloud/network/element/OvsElement.java,java/com/cloud/network/element/OvsElement.java,Sink method Logger.debug(...),Logger.debug(...),Sink method,CRLF_INJECTION_LOGS,3,10,SECCRLFLOG,SECURITY,a760dab47e7985202df20fc87edb978e,0,2,117
Potential CRLF Injection for logs,This use of Logger.debug(...) might be used to include CRLF characters into log messages,In OvsElement.java,com.cloud.network.element.OvsElement,OvsElement.java,com/cloud/network/element/OvsElement.java,java/com/cloud/network/element/OvsElement.java,In class com.cloud.network.element.OvsElement,com.cloud.network.element.OvsElement,true,com.cloud.network.element.OvsElement,119,138,0,312,OvsElement.java,com/cloud/network/element/OvsElement.java,java/com/cloud/network/element/OvsElement.java,"In method com.cloud.network.element.OvsElement.canHandle(Network, Network$Service)",com.cloud.network.element.OvsElement,canHandle,(Lcom/cloud/network/Network;Lcom/cloud/network/Network$Service;)Z,false,true,At OvsElement.java:[line 126],com.cloud.network.element.OvsElement,true,126,126,105,105,OvsElement.java,com/cloud/network/element/OvsElement.java,java/com/cloud/network/element/OvsElement.java,At OvsElement.java:[line 127],com.cloud.network.element.OvsElement,127,127,102,102,OvsElement.java,com/cloud/network/element/OvsElement.java,java/com/cloud/network/element/OvsElement.java,Sink method Logger.debug(...),Logger.debug(...),Sink method,CRLF_INJECTION_LOGS,3,10,SECCRLFLOG,SECURITY,a760dab47e7985202df20fc87edb978e,1,2,117
Potential CRLF Injection for logs,This use of Logger.debug(...) might be used to include CRLF characters into log messages,In OvsElement.java,com.cloud.network.element.OvsElement,OvsElement.java,com/cloud/network/element/OvsElement.java,java/com/cloud/network/element/OvsElement.java,In class com.cloud.network.element.OvsElement,com.cloud.network.element.OvsElement,true,com.cloud.network.element.OvsElement,119,138,0,312,OvsElement.java,com/cloud/network/element/OvsElement.java,java/com/cloud/network/element/OvsElement.java,"In method com.cloud.network.element.OvsElement.canHandle(Network, Network$Service)",com.cloud.network.element.OvsElement,canHandle,(Lcom/cloud/network/Network;Lcom/cloud/network/Network$Service;)Z,false,true,At OvsElement.java:[line 133],com.cloud.network.element.OvsElement,true,133,133,171,171,OvsElement.java,com/cloud/network/element/OvsElement.java,java/com/cloud/network/element/OvsElement.java,At OvsElement.java:[line 134],com.cloud.network.element.OvsElement,134,134,168,168,OvsElement.java,com/cloud/network/element/OvsElement.java,java/com/cloud/network/element/OvsElement.java,Sink method Logger.debug(...),Logger.debug(...),Sink method,CRLF_INJECTION_LOGS,3,10,SECCRLFLOG,SECURITY,a760dab47e7985202df20fc87edb978e,2,2,117
Potential CRLF Injection for logs,This use of Logger.debug(...) might be used to include CRLF characters into log messages,In OvsElement.java,com.cloud.network.element.OvsElement,OvsElement.java,com/cloud/network/element/OvsElement.java,java/com/cloud/network/element/OvsElement.java,In class com.cloud.network.element.OvsElement,com.cloud.network.element.OvsElement,true,com.cloud.network.element.OvsElement,563,577,0,322,OvsElement.java,com/cloud/network/element/OvsElement.java,java/com/cloud/network/element/OvsElement.java,In method com.cloud.network.element.OvsElement.canHandleLbRules(List),com.cloud.network.element.OvsElement,canHandleLbRules,(Ljava/util/List;)Z,false,true,At OvsElement.java:[line 569],com.cloud.network.element.OvsElement,true,569,569,133,133,OvsElement.java,com/cloud/network/element/OvsElement.java,java/com/cloud/network/element/OvsElement.java,At OvsElement.java:[line 571],com.cloud.network.element.OvsElement,571,571,130,130,OvsElement.java,com/cloud/network/element/OvsElement.java,java/com/cloud/network/element/OvsElement.java,Sink method Logger.debug(...),Logger.debug(...),Sink method,CRLF_INJECTION_LOGS,3,10,SECCRLFLOG,SECURITY,5a491a99db3eee9cd5e75058f761d74c,0,0,117
Potential CRLF Injection for logs,This use of Logger.debug(...) might be used to include CRLF characters into log messages,In OvsElement.java,com.cloud.network.element.OvsElement,OvsElement.java,com/cloud/network/element/OvsElement.java,java/com/cloud/network/element/OvsElement.java,In class com.cloud.network.element.OvsElement,com.cloud.network.element.OvsElement,true,com.cloud.network.element.OvsElement,154,161,0,174,OvsElement.java,com/cloud/network/element/OvsElement.java,java/com/cloud/network/element/OvsElement.java,"In method com.cloud.network.element.OvsElement.implement(Network, NetworkOffering, DeployDestination, ReservationContext)",com.cloud.network.element.OvsElement,implement,(Lcom/cloud/network/Network;Lcom/cloud/offering/NetworkOffering;Lcom/cloud/deploy/DeployDestination;Lcom/cloud/vm/ReservationContext;)Z,false,true,At OvsElement.java:[line 154],com.cloud.network.element.OvsElement,true,154,154,46,46,OvsElement.java,com/cloud/network/element/OvsElement.java,java/com/cloud/network/element/OvsElement.java,At OvsElement.java:[line 155],com.cloud.network.element.OvsElement,155,155,43,43,OvsElement.java,com/cloud/network/element/OvsElement.java,java/com/cloud/network/element/OvsElement.java,Sink method Logger.debug(...),Logger.debug(...),Sink method,CRLF_INJECTION_LOGS,3,10,SECCRLFLOG,SECURITY,e256c6ce53075b4ade8fdb5e3227fe3b,0,0,117
Potential CRLF Injection for logs,This use of Logger.trace(...) might be used to include CRLF characters into log messages,In OvsGuestNetworkGuru.java,com.cloud.network.guru.OvsGuestNetworkGuru,OvsGuestNetworkGuru.java,com/cloud/network/guru/OvsGuestNetworkGuru.java,java/com/cloud/network/guru/OvsGuestNetworkGuru.java,In class com.cloud.network.guru.OvsGuestNetworkGuru,com.cloud.network.guru.OvsGuestNetworkGuru,true,com.cloud.network.guru.OvsGuestNetworkGuru,77,88,0,224,OvsGuestNetworkGuru.java,com/cloud/network/guru/OvsGuestNetworkGuru.java,java/com/cloud/network/guru/OvsGuestNetworkGuru.java,"In method com.cloud.network.guru.OvsGuestNetworkGuru.canHandle(NetworkOffering, DataCenter$NetworkType, PhysicalNetwork)",com.cloud.network.guru.OvsGuestNetworkGuru,canHandle,(Lcom/cloud/offering/NetworkOffering;Lcom/cloud/dc/DataCenter$NetworkType;Lcom/cloud/network/PhysicalNetwork;)Z,false,true,At OvsGuestNetworkGuru.java:[line 85],com.cloud.network.guru.OvsGuestNetworkGuru,true,85,85,105,105,OvsGuestNetworkGuru.java,com/cloud/network/guru/OvsGuestNetworkGuru.java,java/com/cloud/network/guru/OvsGuestNetworkGuru.java,At OvsGuestNetworkGuru.java:[line 85],com.cloud.network.guru.OvsGuestNetworkGuru,85,85,102,102,OvsGuestNetworkGuru.java,com/cloud/network/guru/OvsGuestNetworkGuru.java,java/com/cloud/network/guru/OvsGuestNetworkGuru.java,Sink method Logger.trace(...),Logger.trace(...),Sink method,CRLF_INJECTION_LOGS,3,10,SECCRLFLOG,SECURITY,c053122a7aaa15380a4a00009515aba0,0,0,117
Potential CRLF Injection for logs,This use of Logger.warn(...) might be used to include CRLF characters into log messages,In OvsGuestNetworkGuru.java,com.cloud.network.guru.OvsGuestNetworkGuru,OvsGuestNetworkGuru.java,com/cloud/network/guru/OvsGuestNetworkGuru.java,java/com/cloud/network/guru/OvsGuestNetworkGuru.java,In class com.cloud.network.guru.OvsGuestNetworkGuru,com.cloud.network.guru.OvsGuestNetworkGuru,true,com.cloud.network.guru.OvsGuestNetworkGuru,181,195,0,286,OvsGuestNetworkGuru.java,com/cloud/network/guru/OvsGuestNetworkGuru.java,java/com/cloud/network/guru/OvsGuestNetworkGuru.java,"In method com.cloud.network.guru.OvsGuestNetworkGuru.shutdown(NetworkProfile, NetworkOffering)",com.cloud.network.guru.OvsGuestNetworkGuru,shutdown,(Lcom/cloud/network/NetworkProfile;Lcom/cloud/offering/NetworkOffering;)V,false,true,At OvsGuestNetworkGuru.java:[line 184],com.cloud.network.guru.OvsGuestNetworkGuru,true,184,184,62,62,OvsGuestNetworkGuru.java,com/cloud/network/guru/OvsGuestNetworkGuru.java,java/com/cloud/network/guru/OvsGuestNetworkGuru.java,At OvsGuestNetworkGuru.java:[line 185],com.cloud.network.guru.OvsGuestNetworkGuru,185,185,59,59,OvsGuestNetworkGuru.java,com/cloud/network/guru/OvsGuestNetworkGuru.java,java/com/cloud/network/guru/OvsGuestNetworkGuru.java,Sink method Logger.warn(...),Logger.warn(...),Sink method,CRLF_INJECTION_LOGS,3,10,SECCRLFLOG,SECURITY,5d5ebc2b9f290a9d24dd0d3d6c7de0be,0,0,117
Potential CRLF Injection for logs,This use of Logger.debug(...) might be used to include CRLF characters into log messages,In OvsGuestNetworkGuru.java,com.cloud.network.guru.OvsGuestNetworkGuru,OvsGuestNetworkGuru.java,com/cloud/network/guru/OvsGuestNetworkGuru.java,java/com/cloud/network/guru/OvsGuestNetworkGuru.java,In class com.cloud.network.guru.OvsGuestNetworkGuru,com.cloud.network.guru.OvsGuestNetworkGuru,true,com.cloud.network.guru.OvsGuestNetworkGuru,181,195,0,286,OvsGuestNetworkGuru.java,com/cloud/network/guru/OvsGuestNetworkGuru.java,java/com/cloud/network/guru/OvsGuestNetworkGuru.java,"In method com.cloud.network.guru.OvsGuestNetworkGuru.shutdown(NetworkProfile, NetworkOffering)",com.cloud.network.guru.OvsGuestNetworkGuru,shutdown,(Lcom/cloud/network/NetworkProfile;Lcom/cloud/offering/NetworkOffering;)V,false,true,At OvsGuestNetworkGuru.java:[line 190],com.cloud.network.guru.OvsGuestNetworkGuru,true,190,190,101,101,OvsGuestNetworkGuru.java,com/cloud/network/guru/OvsGuestNetworkGuru.java,java/com/cloud/network/guru/OvsGuestNetworkGuru.java,At OvsGuestNetworkGuru.java:[line 190],com.cloud.network.guru.OvsGuestNetworkGuru,190,190,98,98,OvsGuestNetworkGuru.java,com/cloud/network/guru/OvsGuestNetworkGuru.java,java/com/cloud/network/guru/OvsGuestNetworkGuru.java,Sink method Logger.debug(...),Logger.debug(...),Sink method,CRLF_INJECTION_LOGS,3,10,SECCRLFLOG,SECURITY,3ea651ada526002dc9c5a7be3da3d7ce,0,0,117
Potential CRLF Injection for logs,This use of Logger.debug(...) might be used to include CRLF characters into log messages,In OvsTunnelManagerImpl.java,com.cloud.network.ovs.OvsTunnelManagerImpl,OvsTunnelManagerImpl.java,com/cloud/network/ovs/OvsTunnelManagerImpl.java,java/com/cloud/network/ovs/OvsTunnelManagerImpl.java,In class com.cloud.network.ovs.OvsTunnelManagerImpl,com.cloud.network.ovs.OvsTunnelManagerImpl,true,com.cloud.network.ovs.OvsTunnelManagerImpl,312,400,0,1710,OvsTunnelManagerImpl.java,com/cloud/network/ovs/OvsTunnelManagerImpl.java,java/com/cloud/network/ovs/OvsTunnelManagerImpl.java,"In method com.cloud.network.ovs.OvsTunnelManagerImpl.checkAndCreateTunnel(Network, Host)",com.cloud.network.ovs.OvsTunnelManagerImpl,checkAndCreateTunnel,(Lcom/cloud/network/Network;Lcom/cloud/host/Host;)V,false,true,At OvsTunnelManagerImpl.java:[line 327],com.cloud.network.ovs.OvsTunnelManagerImpl,true,327,327,190,190,OvsTunnelManagerImpl.java,com/cloud/network/ovs/OvsTunnelManagerImpl.java,java/com/cloud/network/ovs/OvsTunnelManagerImpl.java,At OvsTunnelManagerImpl.java:[line 327],com.cloud.network.ovs.OvsTunnelManagerImpl,327,327,187,187,OvsTunnelManagerImpl.java,com/cloud/network/ovs/OvsTunnelManagerImpl.java,java/com/cloud/network/ovs/OvsTunnelManagerImpl.java,Sink method Logger.debug(...),Logger.debug(...),Sink method,CRLF_INJECTION_LOGS,3,10,SECCRLFLOG,SECURITY,8e8a7572d32d92fc40e8168f6a505c92,0,5,117
Potential CRLF Injection for logs,This use of Logger.debug(...) might be used to include CRLF characters into log messages,In OvsTunnelManagerImpl.java,com.cloud.network.ovs.OvsTunnelManagerImpl,OvsTunnelManagerImpl.java,com/cloud/network/ovs/OvsTunnelManagerImpl.java,java/com/cloud/network/ovs/OvsTunnelManagerImpl.java,In class com.cloud.network.ovs.OvsTunnelManagerImpl,com.cloud.network.ovs.OvsTunnelManagerImpl,true,com.cloud.network.ovs.OvsTunnelManagerImpl,312,400,0,1710,OvsTunnelManagerImpl.java,com/cloud/network/ovs/OvsTunnelManagerImpl.java,java/com/cloud/network/ovs/OvsTunnelManagerImpl.java,"In method com.cloud.network.ovs.OvsTunnelManagerImpl.checkAndCreateTunnel(Network, Host)",com.cloud.network.ovs.OvsTunnelManagerImpl,checkAndCreateTunnel,(Lcom/cloud/network/Network;Lcom/cloud/host/Host;)V,false,true,At OvsTunnelManagerImpl.java:[line 340],com.cloud.network.ovs.OvsTunnelManagerImpl,true,340,340,319,319,OvsTunnelManagerImpl.java,com/cloud/network/ovs/OvsTunnelManagerImpl.java,java/com/cloud/network/ovs/OvsTunnelManagerImpl.java,At OvsTunnelManagerImpl.java:[line 341],com.cloud.network.ovs.OvsTunnelManagerImpl,341,341,316,316,OvsTunnelManagerImpl.java,com/cloud/network/ovs/OvsTunnelManagerImpl.java,java/com/cloud/network/ovs/OvsTunnelManagerImpl.java,Sink method Logger.debug(...),Logger.debug(...),Sink method,CRLF_INJECTION_LOGS,3,10,SECCRLFLOG,SECURITY,8e8a7572d32d92fc40e8168f6a505c92,1,5,117
Potential CRLF Injection for logs,This use of Logger.debug(...) might be used to include CRLF characters into log messages,In OvsTunnelManagerImpl.java,com.cloud.network.ovs.OvsTunnelManagerImpl,OvsTunnelManagerImpl.java,com/cloud/network/ovs/OvsTunnelManagerImpl.java,java/com/cloud/network/ovs/OvsTunnelManagerImpl.java,In class com.cloud.network.ovs.OvsTunnelManagerImpl,com.cloud.network.ovs.OvsTunnelManagerImpl,true,com.cloud.network.ovs.OvsTunnelManagerImpl,312,400,0,1710,OvsTunnelManagerImpl.java,com/cloud/network/ovs/OvsTunnelManagerImpl.java,java/com/cloud/network/ovs/OvsTunnelManagerImpl.java,"In method com.cloud.network.ovs.OvsTunnelManagerImpl.checkAndCreateTunnel(Network, Host)",com.cloud.network.ovs.OvsTunnelManagerImpl,checkAndCreateTunnel,(Lcom/cloud/network/Network;Lcom/cloud/host/Host;)V,false,true,At OvsTunnelManagerImpl.java:[line 368],com.cloud.network.ovs.OvsTunnelManagerImpl,true,368,368,602,602,OvsTunnelManagerImpl.java,com/cloud/network/ovs/OvsTunnelManagerImpl.java,java/com/cloud/network/ovs/OvsTunnelManagerImpl.java,At OvsTunnelManagerImpl.java:[line 368],com.cloud.network.ovs.OvsTunnelManagerImpl,368,368,599,599,OvsTunnelManagerImpl.java,com/cloud/network/ovs/OvsTunnelManagerImpl.java,java/com/cloud/network/ovs/OvsTunnelManagerImpl.java,Sink method Logger.debug(...),Logger.debug(...),Sink method,CRLF_INJECTION_LOGS,3,10,SECCRLFLOG,SECURITY,8e8a7572d32d92fc40e8168f6a505c92,2,5,117
Potential CRLF Injection for logs,This use of Logger.debug(...) might be used to include CRLF characters into log messages,In OvsTunnelManagerImpl.java,com.cloud.network.ovs.OvsTunnelManagerImpl,OvsTunnelManagerImpl.java,com/cloud/network/ovs/OvsTunnelManagerImpl.java,java/com/cloud/network/ovs/OvsTunnelManagerImpl.java,In class com.cloud.network.ovs.OvsTunnelManagerImpl,com.cloud.network.ovs.OvsTunnelManagerImpl,true,com.cloud.network.ovs.OvsTunnelManagerImpl,312,400,0,1710,OvsTunnelManagerImpl.java,com/cloud/network/ovs/OvsTunnelManagerImpl.java,java/com/cloud/network/ovs/OvsTunnelManagerImpl.java,"In method com.cloud.network.ovs.OvsTunnelManagerImpl.checkAndCreateTunnel(Network, Host)",com.cloud.network.ovs.OvsTunnelManagerImpl,checkAndCreateTunnel,(Lcom/cloud/network/Network;Lcom/cloud/host/Host;)V,false,true,At OvsTunnelManagerImpl.java:[line 369],com.cloud.network.ovs.OvsTunnelManagerImpl,true,369,369,637,637,OvsTunnelManagerImpl.java,com/cloud/network/ovs/OvsTunnelManagerImpl.java,java/com/cloud/network/ovs/OvsTunnelManagerImpl.java,At OvsTunnelManagerImpl.java:[line 369],com.cloud.network.ovs.OvsTunnelManagerImpl,369,369,634,634,OvsTunnelManagerImpl.java,com/cloud/network/ovs/OvsTunnelManagerImpl.java,java/com/cloud/network/ovs/OvsTunnelManagerImpl.java,Sink method Logger.debug(...),Logger.debug(...),Sink method,CRLF_INJECTION_LOGS,3,10,SECCRLFLOG,SECURITY,8e8a7572d32d92fc40e8168f6a505c92,3,5,117
Potential CRLF Injection for logs,This use of Logger.debug(...) might be used to include CRLF characters into log messages,In OvsTunnelManagerImpl.java,com.cloud.network.ovs.OvsTunnelManagerImpl,OvsTunnelManagerImpl.java,com/cloud/network/ovs/OvsTunnelManagerImpl.java,java/com/cloud/network/ovs/OvsTunnelManagerImpl.java,In class com.cloud.network.ovs.OvsTunnelManagerImpl,com.cloud.network.ovs.OvsTunnelManagerImpl,true,com.cloud.network.ovs.OvsTunnelManagerImpl,312,400,0,1710,OvsTunnelManagerImpl.java,com/cloud/network/ovs/OvsTunnelManagerImpl.java,java/com/cloud/network/ovs/OvsTunnelManagerImpl.java,"In method com.cloud.network.ovs.OvsTunnelManagerImpl.checkAndCreateTunnel(Network, Host)",com.cloud.network.ovs.OvsTunnelManagerImpl,checkAndCreateTunnel,(Lcom/cloud/network/Network;Lcom/cloud/host/Host;)V,false,true,At OvsTunnelManagerImpl.java:[line 381],com.cloud.network.ovs.OvsTunnelManagerImpl,true,381,381,802,802,OvsTunnelManagerImpl.java,com/cloud/network/ovs/OvsTunnelManagerImpl.java,java/com/cloud/network/ovs/OvsTunnelManagerImpl.java,At OvsTunnelManagerImpl.java:[line 381],com.cloud.network.ovs.OvsTunnelManagerImpl,381,381,799,799,OvsTunnelManagerImpl.java,com/cloud/network/ovs/OvsTunnelManagerImpl.java,java/com/cloud/network/ovs/OvsTunnelManagerImpl.java,Sink method Logger.debug(...),Logger.debug(...),Sink method,CRLF_INJECTION_LOGS,3,10,SECCRLFLOG,SECURITY,8e8a7572d32d92fc40e8168f6a505c92,4,5,117
Potential CRLF Injection for logs,This use of Logger.debug(...) might be used to include CRLF characters into log messages,In OvsTunnelManagerImpl.java,com.cloud.network.ovs.OvsTunnelManagerImpl,OvsTunnelManagerImpl.java,com/cloud/network/ovs/OvsTunnelManagerImpl.java,java/com/cloud/network/ovs/OvsTunnelManagerImpl.java,In class com.cloud.network.ovs.OvsTunnelManagerImpl,com.cloud.network.ovs.OvsTunnelManagerImpl,true,com.cloud.network.ovs.OvsTunnelManagerImpl,312,400,0,1710,OvsTunnelManagerImpl.java,com/cloud/network/ovs/OvsTunnelManagerImpl.java,java/com/cloud/network/ovs/OvsTunnelManagerImpl.java,"In method com.cloud.network.ovs.OvsTunnelManagerImpl.checkAndCreateTunnel(Network, Host)",com.cloud.network.ovs.OvsTunnelManagerImpl,checkAndCreateTunnel,(Lcom/cloud/network/Network;Lcom/cloud/host/Host;)V,false,true,At OvsTunnelManagerImpl.java:[line 392],com.cloud.network.ovs.OvsTunnelManagerImpl,true,392,392,904,904,OvsTunnelManagerImpl.java,com/cloud/network/ovs/OvsTunnelManagerImpl.java,java/com/cloud/network/ovs/OvsTunnelManagerImpl.java,At OvsTunnelManagerImpl.java:[line 392],com.cloud.network.ovs.OvsTunnelManagerImpl,392,392,901,901,OvsTunnelManagerImpl.java,com/cloud/network/ovs/OvsTunnelManagerImpl.java,java/com/cloud/network/ovs/OvsTunnelManagerImpl.java,Sink method Logger.debug(...),Logger.debug(...),Sink method,CRLF_INJECTION_LOGS,3,10,SECCRLFLOG,SECURITY,8e8a7572d32d92fc40e8168f6a505c92,5,5,117
Potential CRLF Injection for logs,This use of Logger.debug(...) might be used to include CRLF characters into log messages,In OvsTunnelManagerImpl.java,com.cloud.network.ovs.OvsTunnelManagerImpl,OvsTunnelManagerImpl.java,com/cloud/network/ovs/OvsTunnelManagerImpl.java,java/com/cloud/network/ovs/OvsTunnelManagerImpl.java,In class com.cloud.network.ovs.OvsTunnelManagerImpl,com.cloud.network.ovs.OvsTunnelManagerImpl,true,com.cloud.network.ovs.OvsTunnelManagerImpl,564,672,0,2114,OvsTunnelManagerImpl.java,com/cloud/network/ovs/OvsTunnelManagerImpl.java,java/com/cloud/network/ovs/OvsTunnelManagerImpl.java,"In method com.cloud.network.ovs.OvsTunnelManagerImpl.checkAndCreateVpcTunnelNetworks(Host, long)",com.cloud.network.ovs.OvsTunnelManagerImpl,checkAndCreateVpcTunnelNetworks,(Lcom/cloud/host/Host;J)V,false,true,At OvsTunnelManagerImpl.java:[line 574],com.cloud.network.ovs.OvsTunnelManagerImpl,true,574,574,105,105,OvsTunnelManagerImpl.java,com/cloud/network/ovs/OvsTunnelManagerImpl.java,java/com/cloud/network/ovs/OvsTunnelManagerImpl.java,At OvsTunnelManagerImpl.java:[line 574],com.cloud.network.ovs.OvsTunnelManagerImpl,574,574,102,102,OvsTunnelManagerImpl.java,com/cloud/network/ovs/OvsTunnelManagerImpl.java,java/com/cloud/network/ovs/OvsTunnelManagerImpl.java,Sink method Logger.debug(...),Logger.debug(...),Sink method,CRLF_INJECTION_LOGS,3,10,SECCRLFLOG,SECURITY,b01884eaf0fc64c82f16c7cd4a3d8ebd,0,6,117
Potential CRLF Injection for logs,This use of Logger.debug(...) might be used to include CRLF characters into log messages,In OvsTunnelManagerImpl.java,com.cloud.network.ovs.OvsTunnelManagerImpl,OvsTunnelManagerImpl.java,com/cloud/network/ovs/OvsTunnelManagerImpl.java,java/com/cloud/network/ovs/OvsTunnelManagerImpl.java,In class com.cloud.network.ovs.OvsTunnelManagerImpl,com.cloud.network.ovs.OvsTunnelManagerImpl,true,com.cloud.network.ovs.OvsTunnelManagerImpl,564,672,0,2114,OvsTunnelManagerImpl.java,com/cloud/network/ovs/OvsTunnelManagerImpl.java,java/com/cloud/network/ovs/OvsTunnelManagerImpl.java,"In method com.cloud.network.ovs.OvsTunnelManagerImpl.checkAndCreateVpcTunnelNetworks(Host, long)",com.cloud.network.ovs.OvsTunnelManagerImpl,checkAndCreateVpcTunnelNetworks,(Lcom/cloud/host/Host;J)V,false,true,At OvsTunnelManagerImpl.java:[line 587],com.cloud.network.ovs.OvsTunnelManagerImpl,true,587,587,205,205,OvsTunnelManagerImpl.java,com/cloud/network/ovs/OvsTunnelManagerImpl.java,java/com/cloud/network/ovs/OvsTunnelManagerImpl.java,At OvsTunnelManagerImpl.java:[line 587],com.cloud.network.ovs.OvsTunnelManagerImpl,587,587,202,202,OvsTunnelManagerImpl.java,com/cloud/network/ovs/OvsTunnelManagerImpl.java,java/com/cloud/network/ovs/OvsTunnelManagerImpl.java,Sink method Logger.debug(...),Logger.debug(...),Sink method,CRLF_INJECTION_LOGS,3,10,SECCRLFLOG,SECURITY,b01884eaf0fc64c82f16c7cd4a3d8ebd,1,6,117
Potential CRLF Injection for logs,This use of Logger.debug(...) might be used to include CRLF characters into log messages,In OvsTunnelManagerImpl.java,com.cloud.network.ovs.OvsTunnelManagerImpl,OvsTunnelManagerImpl.java,com/cloud/network/ovs/OvsTunnelManagerImpl.java,java/com/cloud/network/ovs/OvsTunnelManagerImpl.java,In class com.cloud.network.ovs.OvsTunnelManagerImpl,com.cloud.network.ovs.OvsTunnelManagerImpl,true,com.cloud.network.ovs.OvsTunnelManagerImpl,564,672,0,2114,OvsTunnelManagerImpl.java,com/cloud/network/ovs/OvsTunnelManagerImpl.java,java/com/cloud/network/ovs/OvsTunnelManagerImpl.java,"In method com.cloud.network.ovs.OvsTunnelManagerImpl.checkAndCreateVpcTunnelNetworks(Host, long)",com.cloud.network.ovs.OvsTunnelManagerImpl,checkAndCreateVpcTunnelNetworks,(Lcom/cloud/host/Host;J)V,false,true,At OvsTunnelManagerImpl.java:[line 611],com.cloud.network.ovs.OvsTunnelManagerImpl,true,611,611,462,462,OvsTunnelManagerImpl.java,com/cloud/network/ovs/OvsTunnelManagerImpl.java,java/com/cloud/network/ovs/OvsTunnelManagerImpl.java,At OvsTunnelManagerImpl.java:[line 611],com.cloud.network.ovs.OvsTunnelManagerImpl,611,611,459,459,OvsTunnelManagerImpl.java,com/cloud/network/ovs/OvsTunnelManagerImpl.java,java/com/cloud/network/ovs/OvsTunnelManagerImpl.java,Sink method Logger.debug(...),Logger.debug(...),Sink method,CRLF_INJECTION_LOGS,3,10,SECCRLFLOG,SECURITY,b01884eaf0fc64c82f16c7cd4a3d8ebd,2,6,117
Potential CRLF Injection for logs,This use of Logger.debug(...) might be used to include CRLF characters into log messages,In OvsTunnelManagerImpl.java,com.cloud.network.ovs.OvsTunnelManagerImpl,OvsTunnelManagerImpl.java,com/cloud/network/ovs/OvsTunnelManagerImpl.java,java/com/cloud/network/ovs/OvsTunnelManagerImpl.java,In class com.cloud.network.ovs.OvsTunnelManagerImpl,com.cloud.network.ovs.OvsTunnelManagerImpl,true,com.cloud.network.ovs.OvsTunnelManagerImpl,564,672,0,2114,OvsTunnelManagerImpl.java,com/cloud/network/ovs/OvsTunnelManagerImpl.java,java/com/cloud/network/ovs/OvsTunnelManagerImpl.java,"In method com.cloud.network.ovs.OvsTunnelManagerImpl.checkAndCreateVpcTunnelNetworks(Host, long)",com.cloud.network.ovs.OvsTunnelManagerImpl,checkAndCreateVpcTunnelNetworks,(Lcom/cloud/host/Host;J)V,false,true,At OvsTunnelManagerImpl.java:[line 622],com.cloud.network.ovs.OvsTunnelManagerImpl,true,622,622,596,596,OvsTunnelManagerImpl.java,com/cloud/network/ovs/OvsTunnelManagerImpl.java,java/com/cloud/network/ovs/OvsTunnelManagerImpl.java,At OvsTunnelManagerImpl.java:[line 622],com.cloud.network.ovs.OvsTunnelManagerImpl,622,622,593,593,OvsTunnelManagerImpl.java,com/cloud/network/ovs/OvsTunnelManagerImpl.java,java/com/cloud/network/ovs/OvsTunnelManagerImpl.java,Sink method Logger.debug(...),Logger.debug(...),Sink method,CRLF_INJECTION_LOGS,3,10,SECCRLFLOG,SECURITY,b01884eaf0fc64c82f16c7cd4a3d8ebd,3,6,117
Potential CRLF Injection for logs,This use of Logger.debug(...) might be used to include CRLF characters into log messages,In OvsTunnelManagerImpl.java,com.cloud.network.ovs.OvsTunnelManagerImpl,OvsTunnelManagerImpl.java,com/cloud/network/ovs/OvsTunnelManagerImpl.java,java/com/cloud/network/ovs/OvsTunnelManagerImpl.java,In class com.cloud.network.ovs.OvsTunnelManagerImpl,com.cloud.network.ovs.OvsTunnelManagerImpl,true,com.cloud.network.ovs.OvsTunnelManagerImpl,564,672,0,2114,OvsTunnelManagerImpl.java,com/cloud/network/ovs/OvsTunnelManagerImpl.java,java/com/cloud/network/ovs/OvsTunnelManagerImpl.java,"In method com.cloud.network.ovs.OvsTunnelManagerImpl.checkAndCreateVpcTunnelNetworks(Host, long)",com.cloud.network.ovs.OvsTunnelManagerImpl,checkAndCreateVpcTunnelNetworks,(Lcom/cloud/host/Host;J)V,false,true,At OvsTunnelManagerImpl.java:[line 648],com.cloud.network.ovs.OvsTunnelManagerImpl,true,648,648,888,888,OvsTunnelManagerImpl.java,com/cloud/network/ovs/OvsTunnelManagerImpl.java,java/com/cloud/network/ovs/OvsTunnelManagerImpl.java,At OvsTunnelManagerImpl.java:[line 649],com.cloud.network.ovs.OvsTunnelManagerImpl,649,649,885,885,OvsTunnelManagerImpl.java,com/cloud/network/ovs/OvsTunnelManagerImpl.java,java/com/cloud/network/ovs/OvsTunnelManagerImpl.java,Sink method Logger.debug(...),Logger.debug(...),Sink method,CRLF_INJECTION_LOGS,3,10,SECCRLFLOG,SECURITY,b01884eaf0fc64c82f16c7cd4a3d8ebd,4,6,117
Potential CRLF Injection for logs,This use of Logger.debug(...) might be used to include CRLF characters into log messages,In OvsTunnelManagerImpl.java,com.cloud.network.ovs.OvsTunnelManagerImpl,OvsTunnelManagerImpl.java,com/cloud/network/ovs/OvsTunnelManagerImpl.java,java/com/cloud/network/ovs/OvsTunnelManagerImpl.java,In class com.cloud.network.ovs.OvsTunnelManagerImpl,com.cloud.network.ovs.OvsTunnelManagerImpl,true,com.cloud.network.ovs.OvsTunnelManagerImpl,564,672,0,2114,OvsTunnelManagerImpl.java,com/cloud/network/ovs/OvsTunnelManagerImpl.java,java/com/cloud/network/ovs/OvsTunnelManagerImpl.java,"In method com.cloud.network.ovs.OvsTunnelManagerImpl.checkAndCreateVpcTunnelNetworks(Host, long)",com.cloud.network.ovs.OvsTunnelManagerImpl,checkAndCreateVpcTunnelNetworks,(Lcom/cloud/host/Host;J)V,false,true,At OvsTunnelManagerImpl.java:[line 650],com.cloud.network.ovs.OvsTunnelManagerImpl,true,650,650,924,924,OvsTunnelManagerImpl.java,com/cloud/network/ovs/OvsTunnelManagerImpl.java,java/com/cloud/network/ovs/OvsTunnelManagerImpl.java,At OvsTunnelManagerImpl.java:[line 650],com.cloud.network.ovs.OvsTunnelManagerImpl,650,650,921,921,OvsTunnelManagerImpl.java,com/cloud/network/ovs/OvsTunnelManagerImpl.java,java/com/cloud/network/ovs/OvsTunnelManagerImpl.java,Sink method Logger.debug(...),Logger.debug(...),Sink method,CRLF_INJECTION_LOGS,3,10,SECCRLFLOG,SECURITY,b01884eaf0fc64c82f16c7cd4a3d8ebd,5,6,117
Potential CRLF Injection for logs,This use of Logger.debug(...) might be used to include CRLF characters into log messages,In OvsTunnelManagerImpl.java,com.cloud.network.ovs.OvsTunnelManagerImpl,OvsTunnelManagerImpl.java,com/cloud/network/ovs/OvsTunnelManagerImpl.java,java/com/cloud/network/ovs/OvsTunnelManagerImpl.java,In class com.cloud.network.ovs.OvsTunnelManagerImpl,com.cloud.network.ovs.OvsTunnelManagerImpl,true,com.cloud.network.ovs.OvsTunnelManagerImpl,564,672,0,2114,OvsTunnelManagerImpl.java,com/cloud/network/ovs/OvsTunnelManagerImpl.java,java/com/cloud/network/ovs/OvsTunnelManagerImpl.java,"In method com.cloud.network.ovs.OvsTunnelManagerImpl.checkAndCreateVpcTunnelNetworks(Host, long)",com.cloud.network.ovs.OvsTunnelManagerImpl,checkAndCreateVpcTunnelNetworks,(Lcom/cloud/host/Host;J)V,false,true,At OvsTunnelManagerImpl.java:[line 662],com.cloud.network.ovs.OvsTunnelManagerImpl,true,662,662,1092,1092,OvsTunnelManagerImpl.java,com/cloud/network/ovs/OvsTunnelManagerImpl.java,java/com/cloud/network/ovs/OvsTunnelManagerImpl.java,At OvsTunnelManagerImpl.java:[line 662],com.cloud.network.ovs.OvsTunnelManagerImpl,662,662,1089,1089,OvsTunnelManagerImpl.java,com/cloud/network/ovs/OvsTunnelManagerImpl.java,java/com/cloud/network/ovs/OvsTunnelManagerImpl.java,Sink method Logger.debug(...),Logger.debug(...),Sink method,CRLF_INJECTION_LOGS,3,10,SECCRLFLOG,SECURITY,b01884eaf0fc64c82f16c7cd4a3d8ebd,6,6,117
Potential CRLF Injection for logs,This use of Logger.debug(...) might be used to include CRLF characters into log messages,In OvsTunnelManagerImpl.java,com.cloud.network.ovs.OvsTunnelManagerImpl,OvsTunnelManagerImpl.java,com/cloud/network/ovs/OvsTunnelManagerImpl.java,java/com/cloud/network/ovs/OvsTunnelManagerImpl.java,In class com.cloud.network.ovs.OvsTunnelManagerImpl,com.cloud.network.ovs.OvsTunnelManagerImpl,true,com.cloud.network.ovs.OvsTunnelManagerImpl,475,548,0,1586,OvsTunnelManagerImpl.java,com/cloud/network/ovs/OvsTunnelManagerImpl.java,java/com/cloud/network/ovs/OvsTunnelManagerImpl.java,"In method com.cloud.network.ovs.OvsTunnelManagerImpl.checkAndRemoveHostFromTunnelNetwork(Network, Host)",com.cloud.network.ovs.OvsTunnelManagerImpl,checkAndRemoveHostFromTunnelNetwork,(Lcom/cloud/network/Network;Lcom/cloud/host/Host;)V,false,true,At OvsTunnelManagerImpl.java:[line 496],com.cloud.network.ovs.OvsTunnelManagerImpl,true,496,496,266,266,OvsTunnelManagerImpl.java,com/cloud/network/ovs/OvsTunnelManagerImpl.java,java/com/cloud/network/ovs/OvsTunnelManagerImpl.java,At OvsTunnelManagerImpl.java:[line 497],com.cloud.network.ovs.OvsTunnelManagerImpl,497,497,263,263,OvsTunnelManagerImpl.java,com/cloud/network/ovs/OvsTunnelManagerImpl.java,java/com/cloud/network/ovs/OvsTunnelManagerImpl.java,Sink method Logger.debug(...),Logger.debug(...),Sink method,CRLF_INJECTION_LOGS,3,10,SECCRLFLOG,SECURITY,f381398feeb2de70c48b858156a947c7,0,3,117
Potential CRLF Injection for logs,This use of Logger.debug(...) might be used to include CRLF characters into log messages,In OvsTunnelManagerImpl.java,com.cloud.network.ovs.OvsTunnelManagerImpl,OvsTunnelManagerImpl.java,com/cloud/network/ovs/OvsTunnelManagerImpl.java,java/com/cloud/network/ovs/OvsTunnelManagerImpl.java,In class com.cloud.network.ovs.OvsTunnelManagerImpl,com.cloud.network.ovs.OvsTunnelManagerImpl,true,com.cloud.network.ovs.OvsTunnelManagerImpl,475,548,0,1586,OvsTunnelManagerImpl.java,com/cloud/network/ovs/OvsTunnelManagerImpl.java,java/com/cloud/network/ovs/OvsTunnelManagerImpl.java,"In method com.cloud.network.ovs.OvsTunnelManagerImpl.checkAndRemoveHostFromTunnelNetwork(Network, Host)",com.cloud.network.ovs.OvsTunnelManagerImpl,checkAndRemoveHostFromTunnelNetwork,(Lcom/cloud/network/Network;Lcom/cloud/host/Host;)V,false,true,At OvsTunnelManagerImpl.java:[line 506],com.cloud.network.ovs.OvsTunnelManagerImpl,true,506,506,398,398,OvsTunnelManagerImpl.java,com/cloud/network/ovs/OvsTunnelManagerImpl.java,java/com/cloud/network/ovs/OvsTunnelManagerImpl.java,At OvsTunnelManagerImpl.java:[line 506],com.cloud.network.ovs.OvsTunnelManagerImpl,506,506,395,395,OvsTunnelManagerImpl.java,com/cloud/network/ovs/OvsTunnelManagerImpl.java,java/com/cloud/network/ovs/OvsTunnelManagerImpl.java,Sink method Logger.debug(...),Logger.debug(...),Sink method,CRLF_INJECTION_LOGS,3,10,SECCRLFLOG,SECURITY,f381398feeb2de70c48b858156a947c7,1,3,117
Potential CRLF Injection for logs,This use of Logger.info(...) might be used to include CRLF characters into log messages,In OvsTunnelManagerImpl.java,com.cloud.network.ovs.OvsTunnelManagerImpl,OvsTunnelManagerImpl.java,com/cloud/network/ovs/OvsTunnelManagerImpl.java,java/com/cloud/network/ovs/OvsTunnelManagerImpl.java,In class com.cloud.network.ovs.OvsTunnelManagerImpl,com.cloud.network.ovs.OvsTunnelManagerImpl,true,com.cloud.network.ovs.OvsTunnelManagerImpl,475,548,0,1586,OvsTunnelManagerImpl.java,com/cloud/network/ovs/OvsTunnelManagerImpl.java,java/com/cloud/network/ovs/OvsTunnelManagerImpl.java,"In method com.cloud.network.ovs.OvsTunnelManagerImpl.checkAndRemoveHostFromTunnelNetwork(Network, Host)",com.cloud.network.ovs.OvsTunnelManagerImpl,checkAndRemoveHostFromTunnelNetwork,(Lcom/cloud/network/Network;Lcom/cloud/host/Host;)V,false,true,At OvsTunnelManagerImpl.java:[line 510],com.cloud.network.ovs.OvsTunnelManagerImpl,true,510,510,472,472,OvsTunnelManagerImpl.java,com/cloud/network/ovs/OvsTunnelManagerImpl.java,java/com/cloud/network/ovs/OvsTunnelManagerImpl.java,At OvsTunnelManagerImpl.java:[line 511],com.cloud.network.ovs.OvsTunnelManagerImpl,511,511,469,469,OvsTunnelManagerImpl.java,com/cloud/network/ovs/OvsTunnelManagerImpl.java,java/com/cloud/network/ovs/OvsTunnelManagerImpl.java,Sink method Logger.info(...),Logger.info(...),Sink method,CRLF_INJECTION_LOGS,3,10,SECCRLFLOG,SECURITY,4eb712859be8c4937720b33835736b89,0,0,117
Potential CRLF Injection for logs,This use of Logger.debug(...) might be used to include CRLF characters into log messages,In OvsTunnelManagerImpl.java,com.cloud.network.ovs.OvsTunnelManagerImpl,OvsTunnelManagerImpl.java,com/cloud/network/ovs/OvsTunnelManagerImpl.java,java/com/cloud/network/ovs/OvsTunnelManagerImpl.java,In class com.cloud.network.ovs.OvsTunnelManagerImpl,com.cloud.network.ovs.OvsTunnelManagerImpl,true,com.cloud.network.ovs.OvsTunnelManagerImpl,475,548,0,1586,OvsTunnelManagerImpl.java,com/cloud/network/ovs/OvsTunnelManagerImpl.java,java/com/cloud/network/ovs/OvsTunnelManagerImpl.java,"In method com.cloud.network.ovs.OvsTunnelManagerImpl.checkAndRemoveHostFromTunnelNetwork(Network, Host)",com.cloud.network.ovs.OvsTunnelManagerImpl,checkAndRemoveHostFromTunnelNetwork,(Lcom/cloud/network/Network;Lcom/cloud/host/Host;)V,false,true,At OvsTunnelManagerImpl.java:[line 524],com.cloud.network.ovs.OvsTunnelManagerImpl,true,524,524,601,601,OvsTunnelManagerImpl.java,com/cloud/network/ovs/OvsTunnelManagerImpl.java,java/com/cloud/network/ovs/OvsTunnelManagerImpl.java,At OvsTunnelManagerImpl.java:[line 524],com.cloud.network.ovs.OvsTunnelManagerImpl,524,524,598,598,OvsTunnelManagerImpl.java,com/cloud/network/ovs/OvsTunnelManagerImpl.java,java/com/cloud/network/ovs/OvsTunnelManagerImpl.java,Sink method Logger.debug(...),Logger.debug(...),Sink method,CRLF_INJECTION_LOGS,3,10,SECCRLFLOG,SECURITY,f381398feeb2de70c48b858156a947c7,2,3,117
Potential CRLF Injection for logs,This use of Logger.debug(...) might be used to include CRLF characters into log messages,In OvsTunnelManagerImpl.java,com.cloud.network.ovs.OvsTunnelManagerImpl,OvsTunnelManagerImpl.java,com/cloud/network/ovs/OvsTunnelManagerImpl.java,java/com/cloud/network/ovs/OvsTunnelManagerImpl.java,In class com.cloud.network.ovs.OvsTunnelManagerImpl,com.cloud.network.ovs.OvsTunnelManagerImpl,true,com.cloud.network.ovs.OvsTunnelManagerImpl,475,548,0,1586,OvsTunnelManagerImpl.java,com/cloud/network/ovs/OvsTunnelManagerImpl.java,java/com/cloud/network/ovs/OvsTunnelManagerImpl.java,"In method com.cloud.network.ovs.OvsTunnelManagerImpl.checkAndRemoveHostFromTunnelNetwork(Network, Host)",com.cloud.network.ovs.OvsTunnelManagerImpl,checkAndRemoveHostFromTunnelNetwork,(Lcom/cloud/network/Network;Lcom/cloud/host/Host;)V,false,true,At OvsTunnelManagerImpl.java:[line 537],com.cloud.network.ovs.OvsTunnelManagerImpl,true,537,537,779,779,OvsTunnelManagerImpl.java,com/cloud/network/ovs/OvsTunnelManagerImpl.java,java/com/cloud/network/ovs/OvsTunnelManagerImpl.java,At OvsTunnelManagerImpl.java:[line 538],com.cloud.network.ovs.OvsTunnelManagerImpl,538,538,776,776,OvsTunnelManagerImpl.java,com/cloud/network/ovs/OvsTunnelManagerImpl.java,java/com/cloud/network/ovs/OvsTunnelManagerImpl.java,Sink method Logger.debug(...),Logger.debug(...),Sink method,CRLF_INJECTION_LOGS,3,10,SECCRLFLOG,SECURITY,f381398feeb2de70c48b858156a947c7,3,3,117
Potential CRLF Injection for logs,This use of Logger.debug(...) might be used to include CRLF characters into log messages,In OvsTunnelManagerImpl.java,com.cloud.network.ovs.OvsTunnelManagerImpl,OvsTunnelManagerImpl.java,com/cloud/network/ovs/OvsTunnelManagerImpl.java,java/com/cloud/network/ovs/OvsTunnelManagerImpl.java,In class com.cloud.network.ovs.OvsTunnelManagerImpl,com.cloud.network.ovs.OvsTunnelManagerImpl,true,com.cloud.network.ovs.OvsTunnelManagerImpl,155,171,0,363,OvsTunnelManagerImpl.java,com/cloud/network/ovs/OvsTunnelManagerImpl.java,java/com/cloud/network/ovs/OvsTunnelManagerImpl.java,"In method com.cloud.network.ovs.OvsTunnelManagerImpl.createInterfaceRecord(String, String, String, long, String)",com.cloud.network.ovs.OvsTunnelManagerImpl,createInterfaceRecord,(Ljava/lang/String;Ljava/lang/String;Ljava/lang/String;JLjava/lang/String;)Lcom/cloud/network/ovs/dao/OvsTunnelInterfaceVO;,false,true,At OvsTunnelManagerImpl.java:[line 168],com.cloud.network.ovs.OvsTunnelManagerImpl,true,168,168,125,125,OvsTunnelManagerImpl.java,com/cloud/network/ovs/OvsTunnelManagerImpl.java,java/com/cloud/network/ovs/OvsTunnelManagerImpl.java,At OvsTunnelManagerImpl.java:[line 168],com.cloud.network.ovs.OvsTunnelManagerImpl,168,168,122,122,OvsTunnelManagerImpl.java,com/cloud/network/ovs/OvsTunnelManagerImpl.java,java/com/cloud/network/ovs/OvsTunnelManagerImpl.java,Sink method Logger.debug(...),Logger.debug(...),Sink method,CRLF_INJECTION_LOGS,3,10,SECCRLFLOG,SECURITY,ebea5fc246d7b9a3b79015c4a5dc183c,0,0,117
Potential CRLF Injection for logs,This use of Logger.debug(...) might be used to include CRLF characters into log messages,In OvsTunnelManagerImpl.java,com.cloud.network.ovs.OvsTunnelManagerImpl,OvsTunnelManagerImpl.java,com/cloud/network/ovs/OvsTunnelManagerImpl.java,java/com/cloud/network/ovs/OvsTunnelManagerImpl.java,In class com.cloud.network.ovs.OvsTunnelManagerImpl,com.cloud.network.ovs.OvsTunnelManagerImpl,true,com.cloud.network.ovs.OvsTunnelManagerImpl,191,204,0,337,OvsTunnelManagerImpl.java,com/cloud/network/ovs/OvsTunnelManagerImpl.java,java/com/cloud/network/ovs/OvsTunnelManagerImpl.java,"In method com.cloud.network.ovs.OvsTunnelManagerImpl.createTunnelRecord(long, long, long, int)",com.cloud.network.ovs.OvsTunnelManagerImpl,createTunnelRecord,(JJJI)Lcom/cloud/network/ovs/dao/OvsTunnelNetworkVO;,false,true,At OvsTunnelManagerImpl.java:[line 202],com.cloud.network.ovs.OvsTunnelManagerImpl,true,202,202,122,122,OvsTunnelManagerImpl.java,com/cloud/network/ovs/OvsTunnelManagerImpl.java,java/com/cloud/network/ovs/OvsTunnelManagerImpl.java,At OvsTunnelManagerImpl.java:[line 202],com.cloud.network.ovs.OvsTunnelManagerImpl,202,202,119,119,OvsTunnelManagerImpl.java,com/cloud/network/ovs/OvsTunnelManagerImpl.java,java/com/cloud/network/ovs/OvsTunnelManagerImpl.java,Sink method Logger.debug(...),Logger.debug(...),Sink method,CRLF_INJECTION_LOGS,3,10,SECCRLFLOG,SECURITY,5d10f3adbde3ce75289dbf92656c2943,0,0,117
Potential CRLF Injection for logs,This use of Logger.debug(...) might be used to include CRLF characters into log messages,In OvsTunnelManagerImpl.java,com.cloud.network.ovs.OvsTunnelManagerImpl,OvsTunnelManagerImpl.java,com/cloud/network/ovs/OvsTunnelManagerImpl.java,java/com/cloud/network/ovs/OvsTunnelManagerImpl.java,In class com.cloud.network.ovs.OvsTunnelManagerImpl,com.cloud.network.ovs.OvsTunnelManagerImpl,true,com.cloud.network.ovs.OvsTunnelManagerImpl,236,283,0,624,OvsTunnelManagerImpl.java,com/cloud/network/ovs/OvsTunnelManagerImpl.java,java/com/cloud/network/ovs/OvsTunnelManagerImpl.java,"In method com.cloud.network.ovs.OvsTunnelManagerImpl.getGreEndpointIP(Host, Network)",com.cloud.network.ovs.OvsTunnelManagerImpl,getGreEndpointIP,(Lcom/cloud/host/Host;Lcom/cloud/network/Network;)Ljava/lang/String;,false,true,At OvsTunnelManagerImpl.java:[line 274],com.cloud.network.ovs.OvsTunnelManagerImpl,true,274,274,269,269,OvsTunnelManagerImpl.java,com/cloud/network/ovs/OvsTunnelManagerImpl.java,java/com/cloud/network/ovs/OvsTunnelManagerImpl.java,At OvsTunnelManagerImpl.java:[line 274],com.cloud.network.ovs.OvsTunnelManagerImpl,274,274,266,266,OvsTunnelManagerImpl.java,com/cloud/network/ovs/OvsTunnelManagerImpl.java,java/com/cloud/network/ovs/OvsTunnelManagerImpl.java,Sink method Logger.debug(...),Logger.debug(...),Sink method,CRLF_INJECTION_LOGS,3,10,SECCRLFLOG,SECURITY,94d65b339c98f1b9a44c5183bc12681c,0,0,117
Potential CRLF Injection for logs,This use of Logger.debug(...) might be used to include CRLF characters into log messages,In OvsTunnelManagerImpl.java,com.cloud.network.ovs.OvsTunnelManagerImpl,OvsTunnelManagerImpl.java,com/cloud/network/ovs/OvsTunnelManagerImpl.java,java/com/cloud/network/ovs/OvsTunnelManagerImpl.java,In class com.cloud.network.ovs.OvsTunnelManagerImpl,com.cloud.network.ovs.OvsTunnelManagerImpl,true,com.cloud.network.ovs.OvsTunnelManagerImpl,287,302,0,287,OvsTunnelManagerImpl.java,com/cloud/network/ovs/OvsTunnelManagerImpl.java,java/com/cloud/network/ovs/OvsTunnelManagerImpl.java,In method com.cloud.network.ovs.OvsTunnelManagerImpl.getGreKey(Network),com.cloud.network.ovs.OvsTunnelManagerImpl,getGreKey,(Lcom/cloud/network/Network;)I,false,true,At OvsTunnelManagerImpl.java:[line 300],com.cloud.network.ovs.OvsTunnelManagerImpl,true,300,300,75,75,OvsTunnelManagerImpl.java,com/cloud/network/ovs/OvsTunnelManagerImpl.java,java/com/cloud/network/ovs/OvsTunnelManagerImpl.java,At OvsTunnelManagerImpl.java:[line 300],com.cloud.network.ovs.OvsTunnelManagerImpl,300,300,72,72,OvsTunnelManagerImpl.java,com/cloud/network/ovs/OvsTunnelManagerImpl.java,java/com/cloud/network/ovs/OvsTunnelManagerImpl.java,Sink method Logger.debug(...),Logger.debug(...),Sink method,CRLF_INJECTION_LOGS,3,10,SECCRLFLOG,SECURITY,8764c8369f49dfc9f94121d333cf745c,0,0,117
Potential CRLF Injection for logs,This use of Logger.warn(...) might be used to include CRLF characters into log messages,In OvsTunnelManagerImpl.java,com.cloud.network.ovs.OvsTunnelManagerImpl,OvsTunnelManagerImpl.java,com/cloud/network/ovs/OvsTunnelManagerImpl.java,java/com/cloud/network/ovs/OvsTunnelManagerImpl.java,In class com.cloud.network.ovs.OvsTunnelManagerImpl,com.cloud.network.ovs.OvsTunnelManagerImpl,true,com.cloud.network.ovs.OvsTunnelManagerImpl,208,232,0,532,OvsTunnelManagerImpl.java,com/cloud/network/ovs/OvsTunnelManagerImpl.java,java/com/cloud/network/ovs/OvsTunnelManagerImpl.java,In method com.cloud.network.ovs.OvsTunnelManagerImpl.handleCreateTunnelAnswer(Answer[]),com.cloud.network.ovs.OvsTunnelManagerImpl,handleCreateTunnelAnswer,([Lcom/cloud/agent/api/Answer;)V,false,true,At OvsTunnelManagerImpl.java:[line 224],com.cloud.network.ovs.OvsTunnelManagerImpl,true,224,224,203,203,OvsTunnelManagerImpl.java,com/cloud/network/ovs/OvsTunnelManagerImpl.java,java/com/cloud/network/ovs/OvsTunnelManagerImpl.java,At OvsTunnelManagerImpl.java:[line 224],com.cloud.network.ovs.OvsTunnelManagerImpl,224,224,200,200,OvsTunnelManagerImpl.java,com/cloud/network/ovs/OvsTunnelManagerImpl.java,java/com/cloud/network/ovs/OvsTunnelManagerImpl.java,Sink method Logger.warn(...),Logger.warn(...),Sink method,CRLF_INJECTION_LOGS,3,10,SECCRLFLOG,SECURITY,3ca8e625ba49725c8ddd8b2ff7b84be2,0,0,117
Potential CRLF Injection for logs,This use of Logger.info(...) might be used to include CRLF characters into log messages,In OvsTunnelManagerImpl.java,com.cloud.network.ovs.OvsTunnelManagerImpl,OvsTunnelManagerImpl.java,com/cloud/network/ovs/OvsTunnelManagerImpl.java,java/com/cloud/network/ovs/OvsTunnelManagerImpl.java,In class com.cloud.network.ovs.OvsTunnelManagerImpl,com.cloud.network.ovs.OvsTunnelManagerImpl,true,com.cloud.network.ovs.OvsTunnelManagerImpl,208,232,0,532,OvsTunnelManagerImpl.java,com/cloud/network/ovs/OvsTunnelManagerImpl.java,java/com/cloud/network/ovs/OvsTunnelManagerImpl.java,In method com.cloud.network.ovs.OvsTunnelManagerImpl.handleCreateTunnelAnswer(Answer[]),com.cloud.network.ovs.OvsTunnelManagerImpl,handleCreateTunnelAnswer,([Lcom/cloud/agent/api/Answer;)V,false,true,At OvsTunnelManagerImpl.java:[line 229],com.cloud.network.ovs.OvsTunnelManagerImpl,true,229,229,278,278,OvsTunnelManagerImpl.java,com/cloud/network/ovs/OvsTunnelManagerImpl.java,java/com/cloud/network/ovs/OvsTunnelManagerImpl.java,At OvsTunnelManagerImpl.java:[line 229],com.cloud.network.ovs.OvsTunnelManagerImpl,229,229,275,275,OvsTunnelManagerImpl.java,com/cloud/network/ovs/OvsTunnelManagerImpl.java,java/com/cloud/network/ovs/OvsTunnelManagerImpl.java,Sink method Logger.info(...),Logger.info(...),Sink method,CRLF_INJECTION_LOGS,3,10,SECCRLFLOG,SECURITY,cc71ce041bc627367cc196fe62e35d64,0,0,117
Potential CRLF Injection for logs,This use of Logger.warn(...) might be used to include CRLF characters into log messages,In OvsTunnelManagerImpl.java,com.cloud.network.ovs.OvsTunnelManagerImpl,OvsTunnelManagerImpl.java,com/cloud/network/ovs/OvsTunnelManagerImpl.java,java/com/cloud/network/ovs/OvsTunnelManagerImpl.java,In class com.cloud.network.ovs.OvsTunnelManagerImpl,com.cloud.network.ovs.OvsTunnelManagerImpl,true,com.cloud.network.ovs.OvsTunnelManagerImpl,175,186,0,230,OvsTunnelManagerImpl.java,com/cloud/network/ovs/OvsTunnelManagerImpl.java,java/com/cloud/network/ovs/OvsTunnelManagerImpl.java,"In method com.cloud.network.ovs.OvsTunnelManagerImpl.handleFetchInterfaceAnswer(Answer[], Long)",com.cloud.network.ovs.OvsTunnelManagerImpl,handleFetchInterfaceAnswer,([Lcom/cloud/agent/api/Answer;Ljava/lang/Long;)Ljava/lang/String;,false,true,At OvsTunnelManagerImpl.java:[line 184],com.cloud.network.ovs.OvsTunnelManagerImpl,true,184,184,90,90,OvsTunnelManagerImpl.java,com/cloud/network/ovs/OvsTunnelManagerImpl.java,java/com/cloud/network/ovs/OvsTunnelManagerImpl.java,At OvsTunnelManagerImpl.java:[line 185],com.cloud.network.ovs.OvsTunnelManagerImpl,185,185,87,87,OvsTunnelManagerImpl.java,com/cloud/network/ovs/OvsTunnelManagerImpl.java,java/com/cloud/network/ovs/OvsTunnelManagerImpl.java,Sink method Logger.warn(...),Logger.warn(...),Sink method,CRLF_INJECTION_LOGS,3,10,SECCRLFLOG,SECURITY,81ab21ef29715c1a008610bb2898f476,0,0,117
Potential CRLF Injection for logs,This use of Logger.debug(...) might be used to include CRLF characters into log messages,In OvsTunnelManagerImpl.java,com.cloud.network.ovs.OvsTunnelManagerImpl,OvsTunnelManagerImpl.java,com/cloud/network/ovs/OvsTunnelManagerImpl.java,java/com/cloud/network/ovs/OvsTunnelManagerImpl.java,In class com.cloud.network.ovs.OvsTunnelManagerImpl,com.cloud.network.ovs.OvsTunnelManagerImpl,true,com.cloud.network.ovs.OvsTunnelManagerImpl,704,731,0,528,OvsTunnelManagerImpl.java,com/cloud/network/ovs/OvsTunnelManagerImpl.java,java/com/cloud/network/ovs/OvsTunnelManagerImpl.java,In method com.cloud.network.ovs.OvsTunnelManagerImpl.handleVmStateChange(VMInstanceVO),com.cloud.network.ovs.OvsTunnelManagerImpl,handleVmStateChange,(Lcom/cloud/vm/VMInstanceVO;)V,false,true,At OvsTunnelManagerImpl.java:[line 726],com.cloud.network.ovs.OvsTunnelManagerImpl,true,726,726,212,212,OvsTunnelManagerImpl.java,com/cloud/network/ovs/OvsTunnelManagerImpl.java,java/com/cloud/network/ovs/OvsTunnelManagerImpl.java,At OvsTunnelManagerImpl.java:[line 726],com.cloud.network.ovs.OvsTunnelManagerImpl,726,726,209,209,OvsTunnelManagerImpl.java,com/cloud/network/ovs/OvsTunnelManagerImpl.java,java/com/cloud/network/ovs/OvsTunnelManagerImpl.java,Sink method Logger.debug(...),Logger.debug(...),Sink method,CRLF_INJECTION_LOGS,3,10,SECCRLFLOG,SECURITY,28c4bbb4435384f2b943ddeb0f1ea8f9,0,0,117
Potential CRLF Injection for logs,This use of Logger.info(...) might be used to include CRLF characters into log messages,In OvsTunnelManagerImpl.java,com.cloud.network.ovs.OvsTunnelManagerImpl,OvsTunnelManagerImpl.java,com/cloud/network/ovs/OvsTunnelManagerImpl.java,java/com/cloud/network/ovs/OvsTunnelManagerImpl.java,In class com.cloud.network.ovs.OvsTunnelManagerImpl,com.cloud.network.ovs.OvsTunnelManagerImpl,true,com.cloud.network.ovs.OvsTunnelManagerImpl,753,814,0,1721,OvsTunnelManagerImpl.java,com/cloud/network/ovs/OvsTunnelManagerImpl.java,java/com/cloud/network/ovs/OvsTunnelManagerImpl.java,In method com.cloud.network.ovs.OvsTunnelManagerImpl.prepareVpcTopologyUpdate(long),com.cloud.network.ovs.OvsTunnelManagerImpl,prepareVpcTopologyUpdate,(J)Lcom/cloud/agent/api/OvsVpcPhysicalTopologyConfigCommand;,false,true,At OvsTunnelManagerImpl.java:[line 771],com.cloud.network.ovs.OvsTunnelManagerImpl,true,771,771,224,224,OvsTunnelManagerImpl.java,com/cloud/network/ovs/OvsTunnelManagerImpl.java,java/com/cloud/network/ovs/OvsTunnelManagerImpl.java,At OvsTunnelManagerImpl.java:[line 772],com.cloud.network.ovs.OvsTunnelManagerImpl,772,772,221,221,OvsTunnelManagerImpl.java,com/cloud/network/ovs/OvsTunnelManagerImpl.java,java/com/cloud/network/ovs/OvsTunnelManagerImpl.java,Sink method Logger.info(...),Logger.info(...),Sink method,CRLF_INJECTION_LOGS,3,10,SECCRLFLOG,SECURITY,38117f3200885a92c325ce4c5ef5f18a,0,0,117
Potential CRLF Injection for logs,This use of Logger.debug(...) might be used to include CRLF characters into log messages,In OvsTunnelManagerImpl.java,com.cloud.network.ovs.OvsTunnelManagerImpl,OvsTunnelManagerImpl.java,com/cloud/network/ovs/OvsTunnelManagerImpl.java,java/com/cloud/network/ovs/OvsTunnelManagerImpl.java,In class com.cloud.network.ovs.OvsTunnelManagerImpl,com.cloud.network.ovs.OvsTunnelManagerImpl,true,com.cloud.network.ovs.OvsTunnelManagerImpl,896,909,0,349,OvsTunnelManagerImpl.java,com/cloud/network/ovs/OvsTunnelManagerImpl.java,java/com/cloud/network/ovs/OvsTunnelManagerImpl.java,"In method com.cloud.network.ovs.OvsTunnelManagerImpl.sendVpcRoutingPolicyChangeUpdate(OvsVpcRoutingPolicyConfigCommand, long, String)",com.cloud.network.ovs.OvsTunnelManagerImpl,sendVpcRoutingPolicyChangeUpdate,(Lcom/cloud/agent/api/OvsVpcRoutingPolicyConfigCommand;JLjava/lang/String;)Z,false,true,At OvsTunnelManagerImpl.java:[line 896],com.cloud.network.ovs.OvsTunnelManagerImpl,true,896,896,23,23,OvsTunnelManagerImpl.java,com/cloud/network/ovs/OvsTunnelManagerImpl.java,java/com/cloud/network/ovs/OvsTunnelManagerImpl.java,At OvsTunnelManagerImpl.java:[line 896],com.cloud.network.ovs.OvsTunnelManagerImpl,896,896,20,20,OvsTunnelManagerImpl.java,com/cloud/network/ovs/OvsTunnelManagerImpl.java,java/com/cloud/network/ovs/OvsTunnelManagerImpl.java,Sink method Logger.debug(...),Logger.debug(...),Sink method,CRLF_INJECTION_LOGS,3,10,SECCRLFLOG,SECURITY,e4f48fb8ebc9946e8f58c5b846b5e4ef,0,3,117
Potential CRLF Injection for logs,This use of Logger.debug(...) might be used to include CRLF characters into log messages,In OvsTunnelManagerImpl.java,com.cloud.network.ovs.OvsTunnelManagerImpl,OvsTunnelManagerImpl.java,com/cloud/network/ovs/OvsTunnelManagerImpl.java,java/com/cloud/network/ovs/OvsTunnelManagerImpl.java,In class com.cloud.network.ovs.OvsTunnelManagerImpl,com.cloud.network.ovs.OvsTunnelManagerImpl,true,com.cloud.network.ovs.OvsTunnelManagerImpl,896,909,0,349,OvsTunnelManagerImpl.java,com/cloud/network/ovs/OvsTunnelManagerImpl.java,java/com/cloud/network/ovs/OvsTunnelManagerImpl.java,"In method com.cloud.network.ovs.OvsTunnelManagerImpl.sendVpcRoutingPolicyChangeUpdate(OvsVpcRoutingPolicyConfigCommand, long, String)",com.cloud.network.ovs.OvsTunnelManagerImpl,sendVpcRoutingPolicyChangeUpdate,(Lcom/cloud/agent/api/OvsVpcRoutingPolicyConfigCommand;JLjava/lang/String;)Z,false,true,At OvsTunnelManagerImpl.java:[line 901],com.cloud.network.ovs.OvsTunnelManagerImpl,true,901,901,89,89,OvsTunnelManagerImpl.java,com/cloud/network/ovs/OvsTunnelManagerImpl.java,java/com/cloud/network/ovs/OvsTunnelManagerImpl.java,At OvsTunnelManagerImpl.java:[line 901],com.cloud.network.ovs.OvsTunnelManagerImpl,901,901,86,86,OvsTunnelManagerImpl.java,com/cloud/network/ovs/OvsTunnelManagerImpl.java,java/com/cloud/network/ovs/OvsTunnelManagerImpl.java,Sink method Logger.debug(...),Logger.debug(...),Sink method,CRLF_INJECTION_LOGS,3,10,SECCRLFLOG,SECURITY,e4f48fb8ebc9946e8f58c5b846b5e4ef,1,3,117
Potential CRLF Injection for logs,This use of Logger.debug(...) might be used to include CRLF characters into log messages,In OvsTunnelManagerImpl.java,com.cloud.network.ovs.OvsTunnelManagerImpl,OvsTunnelManagerImpl.java,com/cloud/network/ovs/OvsTunnelManagerImpl.java,java/com/cloud/network/ovs/OvsTunnelManagerImpl.java,In class com.cloud.network.ovs.OvsTunnelManagerImpl,com.cloud.network.ovs.OvsTunnelManagerImpl,true,com.cloud.network.ovs.OvsTunnelManagerImpl,896,909,0,349,OvsTunnelManagerImpl.java,com/cloud/network/ovs/OvsTunnelManagerImpl.java,java/com/cloud/network/ovs/OvsTunnelManagerImpl.java,"In method com.cloud.network.ovs.OvsTunnelManagerImpl.sendVpcRoutingPolicyChangeUpdate(OvsVpcRoutingPolicyConfigCommand, long, String)",com.cloud.network.ovs.OvsTunnelManagerImpl,sendVpcRoutingPolicyChangeUpdate,(Lcom/cloud/agent/api/OvsVpcRoutingPolicyConfigCommand;JLjava/lang/String;)Z,false,true,At OvsTunnelManagerImpl.java:[line 904],com.cloud.network.ovs.OvsTunnelManagerImpl,true,904,904,122,122,OvsTunnelManagerImpl.java,com/cloud/network/ovs/OvsTunnelManagerImpl.java,java/com/cloud/network/ovs/OvsTunnelManagerImpl.java,At OvsTunnelManagerImpl.java:[line 904],com.cloud.network.ovs.OvsTunnelManagerImpl,904,904,119,119,OvsTunnelManagerImpl.java,com/cloud/network/ovs/OvsTunnelManagerImpl.java,java/com/cloud/network/ovs/OvsTunnelManagerImpl.java,Sink method Logger.debug(...),Logger.debug(...),Sink method,CRLF_INJECTION_LOGS,3,10,SECCRLFLOG,SECURITY,e4f48fb8ebc9946e8f58c5b846b5e4ef,2,3,117
Potential CRLF Injection for logs,This use of Logger.debug(...) might be used to include CRLF characters into log messages,In OvsTunnelManagerImpl.java,com.cloud.network.ovs.OvsTunnelManagerImpl,OvsTunnelManagerImpl.java,com/cloud/network/ovs/OvsTunnelManagerImpl.java,java/com/cloud/network/ovs/OvsTunnelManagerImpl.java,In class com.cloud.network.ovs.OvsTunnelManagerImpl,com.cloud.network.ovs.OvsTunnelManagerImpl,true,com.cloud.network.ovs.OvsTunnelManagerImpl,896,909,0,349,OvsTunnelManagerImpl.java,com/cloud/network/ovs/OvsTunnelManagerImpl.java,java/com/cloud/network/ovs/OvsTunnelManagerImpl.java,"In method com.cloud.network.ovs.OvsTunnelManagerImpl.sendVpcRoutingPolicyChangeUpdate(OvsVpcRoutingPolicyConfigCommand, long, String)",com.cloud.network.ovs.OvsTunnelManagerImpl,sendVpcRoutingPolicyChangeUpdate,(Lcom/cloud/agent/api/OvsVpcRoutingPolicyConfigCommand;JLjava/lang/String;)Z,false,true,At OvsTunnelManagerImpl.java:[line 908],com.cloud.network.ovs.OvsTunnelManagerImpl,true,908,908,159,159,OvsTunnelManagerImpl.java,com/cloud/network/ovs/OvsTunnelManagerImpl.java,java/com/cloud/network/ovs/OvsTunnelManagerImpl.java,At OvsTunnelManagerImpl.java:[line 908],com.cloud.network.ovs.OvsTunnelManagerImpl,908,908,154,154,OvsTunnelManagerImpl.java,com/cloud/network/ovs/OvsTunnelManagerImpl.java,java/com/cloud/network/ovs/OvsTunnelManagerImpl.java,Sink method Logger.debug(...),Logger.debug(...),Sink method,CRLF_INJECTION_LOGS,3,10,SECCRLFLOG,SECURITY,e4f48fb8ebc9946e8f58c5b846b5e4ef,3,3,117
Potential CRLF Injection for logs,This use of Logger.debug(...) might be used to include CRLF characters into log messages,In OvsTunnelManagerImpl.java,com.cloud.network.ovs.OvsTunnelManagerImpl,OvsTunnelManagerImpl.java,com/cloud/network/ovs/OvsTunnelManagerImpl.java,java/com/cloud/network/ovs/OvsTunnelManagerImpl.java,In class com.cloud.network.ovs.OvsTunnelManagerImpl,com.cloud.network.ovs.OvsTunnelManagerImpl,true,com.cloud.network.ovs.OvsTunnelManagerImpl,735,748,0,345,OvsTunnelManagerImpl.java,com/cloud/network/ovs/OvsTunnelManagerImpl.java,java/com/cloud/network/ovs/OvsTunnelManagerImpl.java,"In method com.cloud.network.ovs.OvsTunnelManagerImpl.sendVpcTopologyChangeUpdate(OvsVpcPhysicalTopologyConfigCommand, long, String)",com.cloud.network.ovs.OvsTunnelManagerImpl,sendVpcTopologyChangeUpdate,(Lcom/cloud/agent/api/OvsVpcPhysicalTopologyConfigCommand;JLjava/lang/String;)Z,false,true,At OvsTunnelManagerImpl.java:[line 735],com.cloud.network.ovs.OvsTunnelManagerImpl,true,735,735,22,22,OvsTunnelManagerImpl.java,com/cloud/network/ovs/OvsTunnelManagerImpl.java,java/com/cloud/network/ovs/OvsTunnelManagerImpl.java,At OvsTunnelManagerImpl.java:[line 735],com.cloud.network.ovs.OvsTunnelManagerImpl,735,735,19,19,OvsTunnelManagerImpl.java,com/cloud/network/ovs/OvsTunnelManagerImpl.java,java/com/cloud/network/ovs/OvsTunnelManagerImpl.java,Sink method Logger.debug(...),Logger.debug(...),Sink method,CRLF_INJECTION_LOGS,3,10,SECCRLFLOG,SECURITY,4fa9b7bb4955bf4e3d77f3e3e7037cdd,0,3,117
Potential CRLF Injection for logs,This use of Logger.debug(...) might be used to include CRLF characters into log messages,In OvsTunnelManagerImpl.java,com.cloud.network.ovs.OvsTunnelManagerImpl,OvsTunnelManagerImpl.java,com/cloud/network/ovs/OvsTunnelManagerImpl.java,java/com/cloud/network/ovs/OvsTunnelManagerImpl.java,In class com.cloud.network.ovs.OvsTunnelManagerImpl,com.cloud.network.ovs.OvsTunnelManagerImpl,true,com.cloud.network.ovs.OvsTunnelManagerImpl,735,748,0,345,OvsTunnelManagerImpl.java,com/cloud/network/ovs/OvsTunnelManagerImpl.java,java/com/cloud/network/ovs/OvsTunnelManagerImpl.java,"In method com.cloud.network.ovs.OvsTunnelManagerImpl.sendVpcTopologyChangeUpdate(OvsVpcPhysicalTopologyConfigCommand, long, String)",com.cloud.network.ovs.OvsTunnelManagerImpl,sendVpcTopologyChangeUpdate,(Lcom/cloud/agent/api/OvsVpcPhysicalTopologyConfigCommand;JLjava/lang/String;)Z,false,true,At OvsTunnelManagerImpl.java:[line 740],com.cloud.network.ovs.OvsTunnelManagerImpl,true,740,740,87,87,OvsTunnelManagerImpl.java,com/cloud/network/ovs/OvsTunnelManagerImpl.java,java/com/cloud/network/ovs/OvsTunnelManagerImpl.java,At OvsTunnelManagerImpl.java:[line 740],com.cloud.network.ovs.OvsTunnelManagerImpl,740,740,84,84,OvsTunnelManagerImpl.java,com/cloud/network/ovs/OvsTunnelManagerImpl.java,java/com/cloud/network/ovs/OvsTunnelManagerImpl.java,Sink method Logger.debug(...),Logger.debug(...),Sink method,CRLF_INJECTION_LOGS,3,10,SECCRLFLOG,SECURITY,4fa9b7bb4955bf4e3d77f3e3e7037cdd,1,3,117
Potential CRLF Injection for logs,This use of Logger.debug(...) might be used to include CRLF characters into log messages,In OvsTunnelManagerImpl.java,com.cloud.network.ovs.OvsTunnelManagerImpl,OvsTunnelManagerImpl.java,com/cloud/network/ovs/OvsTunnelManagerImpl.java,java/com/cloud/network/ovs/OvsTunnelManagerImpl.java,In class com.cloud.network.ovs.OvsTunnelManagerImpl,com.cloud.network.ovs.OvsTunnelManagerImpl,true,com.cloud.network.ovs.OvsTunnelManagerImpl,735,748,0,345,OvsTunnelManagerImpl.java,com/cloud/network/ovs/OvsTunnelManagerImpl.java,java/com/cloud/network/ovs/OvsTunnelManagerImpl.java,"In method com.cloud.network.ovs.OvsTunnelManagerImpl.sendVpcTopologyChangeUpdate(OvsVpcPhysicalTopologyConfigCommand, long, String)",com.cloud.network.ovs.OvsTunnelManagerImpl,sendVpcTopologyChangeUpdate,(Lcom/cloud/agent/api/OvsVpcPhysicalTopologyConfigCommand;JLjava/lang/String;)Z,false,true,At OvsTunnelManagerImpl.java:[line 743],com.cloud.network.ovs.OvsTunnelManagerImpl,true,743,743,119,119,OvsTunnelManagerImpl.java,com/cloud/network/ovs/OvsTunnelManagerImpl.java,java/com/cloud/network/ovs/OvsTunnelManagerImpl.java,At OvsTunnelManagerImpl.java:[line 743],com.cloud.network.ovs.OvsTunnelManagerImpl,743,743,116,116,OvsTunnelManagerImpl.java,com/cloud/network/ovs/OvsTunnelManagerImpl.java,java/com/cloud/network/ovs/OvsTunnelManagerImpl.java,Sink method Logger.debug(...),Logger.debug(...),Sink method,CRLF_INJECTION_LOGS,3,10,SECCRLFLOG,SECURITY,4fa9b7bb4955bf4e3d77f3e3e7037cdd,2,3,117
Potential CRLF Injection for logs,This use of Logger.debug(...) might be used to include CRLF characters into log messages,In OvsTunnelManagerImpl.java,com.cloud.network.ovs.OvsTunnelManagerImpl,OvsTunnelManagerImpl.java,com/cloud/network/ovs/OvsTunnelManagerImpl.java,java/com/cloud/network/ovs/OvsTunnelManagerImpl.java,In class com.cloud.network.ovs.OvsTunnelManagerImpl,com.cloud.network.ovs.OvsTunnelManagerImpl,true,com.cloud.network.ovs.OvsTunnelManagerImpl,735,748,0,345,OvsTunnelManagerImpl.java,com/cloud/network/ovs/OvsTunnelManagerImpl.java,java/com/cloud/network/ovs/OvsTunnelManagerImpl.java,"In method com.cloud.network.ovs.OvsTunnelManagerImpl.sendVpcTopologyChangeUpdate(OvsVpcPhysicalTopologyConfigCommand, long, String)",com.cloud.network.ovs.OvsTunnelManagerImpl,sendVpcTopologyChangeUpdate,(Lcom/cloud/agent/api/OvsVpcPhysicalTopologyConfigCommand;JLjava/lang/String;)Z,false,true,At OvsTunnelManagerImpl.java:[line 747],com.cloud.network.ovs.OvsTunnelManagerImpl,true,747,747,155,155,OvsTunnelManagerImpl.java,com/cloud/network/ovs/OvsTunnelManagerImpl.java,java/com/cloud/network/ovs/OvsTunnelManagerImpl.java,At OvsTunnelManagerImpl.java:[line 747],com.cloud.network.ovs.OvsTunnelManagerImpl,747,747,150,150,OvsTunnelManagerImpl.java,com/cloud/network/ovs/OvsTunnelManagerImpl.java,java/com/cloud/network/ovs/OvsTunnelManagerImpl.java,Sink method Logger.debug(...),Logger.debug(...),Sink method,CRLF_INJECTION_LOGS,3,10,SECCRLFLOG,SECURITY,4fa9b7bb4955bf4e3d77f3e3e7037cdd,3,3,117
Potential CRLF Injection for logs,This use of Logger.debug(...) might be used to include CRLF characters into log messages,In OvsTunnelManagerImpl.java,com.cloud.network.ovs.OvsTunnelManagerImpl$NetworkAclEventsSubscriber,OvsTunnelManagerImpl.java,com/cloud/network/ovs/OvsTunnelManagerImpl.java,java/com/cloud/network/ovs/OvsTunnelManagerImpl.java,In class com.cloud.network.ovs.OvsTunnelManagerImpl$NetworkAclEventsSubscriber,com.cloud.network.ovs.OvsTunnelManagerImpl$NetworkAclEventsSubscriber,true,com.cloud.network.ovs.OvsTunnelManagerImpl$NetworkAclEventsSubscriber,827,847,0,493,OvsTunnelManagerImpl.java,com/cloud/network/ovs/OvsTunnelManagerImpl.java,java/com/cloud/network/ovs/OvsTunnelManagerImpl.java,"In method com.cloud.network.ovs.OvsTunnelManagerImpl$NetworkAclEventsSubscriber.onPublishMessage(String, String, Object)",com.cloud.network.ovs.OvsTunnelManagerImpl$NetworkAclEventsSubscriber,onPublishMessage,(Ljava/lang/String;Ljava/lang/String;Ljava/lang/Object;)V,false,true,At OvsTunnelManagerImpl.java:[line 839],com.cloud.network.ovs.OvsTunnelManagerImpl$NetworkAclEventsSubscriber,true,839,839,178,178,OvsTunnelManagerImpl.java,com/cloud/network/ovs/OvsTunnelManagerImpl.java,java/com/cloud/network/ovs/OvsTunnelManagerImpl.java,At OvsTunnelManagerImpl.java:[line 839],com.cloud.network.ovs.OvsTunnelManagerImpl$NetworkAclEventsSubscriber,839,839,175,175,OvsTunnelManagerImpl.java,com/cloud/network/ovs/OvsTunnelManagerImpl.java,java/com/cloud/network/ovs/OvsTunnelManagerImpl.java,Sink method Logger.debug(...),Logger.debug(...),Sink method,CRLF_INJECTION_LOGS,3,10,SECCRLFLOG,SECURITY,8a4a64a50fb7daf2954d48940bb24338,0,0,117
